scope,n_matches,median_arcsec,p90_arcsec,max_arcsec
ALL,310,1.1580399122676646,1.8261397110543878,1.996785039837811
